{
    "fusionTableApiKey": "AIzaSyA9GhptPi9rpe7U-Rxd7gZfdIB5yMx4Bd8",
    "routeDataTableId": "1NcPA7KANSkdV3NUTQ0DFI9rAYnUpqjJPjZQAiI93",
    "regionDataTableId": "1Xbnhuxp1Xz0wgaX60sH3FE5JH4CLU_RKDt4pVQ07",
    "placeTableName": "S11-PLACES-PROD",
    "regions": {
        "color": "#43709c"
    },
    "initCenter": [-125.11281442752113, 50.20459439567605],
    "initZoom": 9,
    "flickrId": "134819556@N06",
    "flickrTags": "IEC,IEC2",
    "debugWindow": true,
    "tileServerRatio": 0.0,
    "mapboxStyle": "ciqwg8cpm001kcbm3rujigav4",
    "mapboxKey": "pk.eyJ1IjoiZHNjaHVsZCIsImEiOiJjaXA4Mm5xazkwMDJwdXRubXBxa25peTV4In0.uCnPaGteG5-H80uO13RiOw"
} 

